model,pt,aa,pt_sem,aa_sem
beit_base_patch16_224.in22k_ft_in22k_in1k,2.3821,0.0854,0.049386993,0.010334411
beitv2_base_patch16_224.in1k_ft_in1k,2.1542,-0.0771,0.035831551,0.013013224
beitv2_base_patch16_224.in1k_ft_in22k_in1k,2.461,-0.0211,0.049064244,0.011522125
beit_base_patch16_384.in22k_ft_in22k_in1k,2.3333,0.0827,0.049367628,0.010876628
beit_large_patch16_224.in22k_ft_in22k_in1k,2.6875,0.0498,0.061115677,0.010153671
beit_large_patch16_384.in22k_ft_in22k_in1k,2.5952,0.055,0.05804311,0.011063822
beit_large_patch16_512.in22k_ft_in22k_in1k,2.5753,0.0643,0.060831658,0.01159313
beitv2_large_patch16_224.in1k_ft_in1k,2.5065,-0.1176,0.043596883,0.01395565
beitv2_large_patch16_224.in1k_ft_in22k_in1k,3.0502,-0.0455,0.082352536,0.010863718
caformer_m36.sail_in1k,2.9527,-0.0691,0.057513803,0.013781366
caformer_m36.sail_in22k_ft_in1k,2.5324,-0.0308,0.052511199,0.012948674
caformer_s18.sail_in1k,2.3283,-0.0724,0.047799069,0.014885166
caformer_s18.sail_in22k_ft_in1k,2.3128,0.0976,0.054783349,0.01283894
caformer_s36.sail_in1k,2.7699,-0.0855,0.05468007,0.015330559
caformer_s36.sail_in22k_ft_in1k,2.5941,-0.0053,0.051542953,0.012296722
cait_s24_224.fb_dist_in1k,2.538,-0.0179,0.049567732,0.013736181
cait_xxs24_224.fb_dist_in1k,2.2907,0.0168,0.046430615,0.013800731
cait_xxs36_224.fb_dist_in1k,2.4225,0.0045,0.044700683,0.014129934
coat_lite_medium.in1k,2.2273,-0.0532,0.039052582,0.016414994
coat_lite_mini.in1k,1.8498,-0.0264,0.031487355,0.014775431
coat_lite_small.in1k,2.2445,-0.07,0.041976685,0.015259554
coat_lite_tiny.in1k,1.7171,0.0126,0.030893497,0.016079336
coat_mini.in1k,2.0582,-0.0109,0.032307136,0.015859867
coat_small.in1k,2.326,-0.0532,0.040859974,0.014807706
coat_tiny.in1k,1.7795,0.0411,0.029324939,0.016628008
coatnet_0_rw_224.sw_in1k,2.3063,-0.0049,0.046378976,0.014433318
coatnet_1_rw_224.sw_in1k,2.6801,-0.0684,0.051613958,0.014710882
coatnet_bn_0_rw_224.sw_in1k,1.9031,0.0109,0.030925772,0.012858305
coatnet_nano_rw_224.sw_in1k,2.3467,-0.0405,0.046985743,0.014994901
coatnet_rmlp_1_rw_224.sw_in1k,2.6568,-0.073,0.049600007,0.015601668
coatnet_rmlp_1_rw2_224.sw_in12k_ft_in1k,2.7417,-0.0795,0.051910887,0.012987404
coatnet_rmlp_2_rw_224.sw_in1k,2.7492,-0.1049,0.044035821,0.014168664
coatnet_rmlp_nano_rw_224.sw_in1k,2.2562,-0.0394,0.038794383,0.014465593
convit_base.fb_in1k,2.1637,-0.0391,0.037425929,0.014233214
convit_small.fb_in1k,2.1983,-0.0246,0.036567418,0.01398147
convit_tiny.fb_in1k,2.0675,0.0321,0.036941806,0.014110569
convmixer_1024_20_ks9_p14.in1k,1.9505,0.0232,0.037148365,0.011915879
convmixer_1536_20.in1k,1.8231,0.0447,0.028285688,0.013523167
convmixer_768_32.in1k,1.9751,0.0628,0.03716773,0.013613536
davit_base.msft_in1k,2.2519,-0.0482,0.040769605,0.01400729
davit_small.msft_in1k,2.1539,-0.0538,0.040879339,0.015601668
davit_tiny.msft_in1k,1.7858,-0.0043,0.032061847,0.015040085
deit_base_distilled_patch16_224.fb_in1k,2.094,0.0853,0.038968667,0.013051954
deit_base_patch16_224.fb_in1k,2.1972,-0.0368,0.035637902,0.013516712
deit_small_distilled_patch16_224.fb_in1k,2.013,0.1009,0.035153779,0.013703906
deit_small_patch16_224.fb_in1k,2.0826,-0.0052,0.034392092,0.013626446
deit_tiny_distilled_patch16_224.fb_in1k,1.7214,0.1259,0.02905383,0.014129934
densenet121.tv_in1k,1.4472,0.153,0.023231445,0.012438732
deit_tiny_patch16_224.fb_in1k,1.8986,0.0615,0.031222701,0.013406977
deit3_base_patch16_224.fb_in1k,2.2148,-0.0396,0.035095684,0.015266009
densenet161.tv_in1k,1.4675,0.149,0.022837692,0.012400002
deit3_base_patch16_224.fb_in22k_ft_in1k,2.6477,0.1053,0.05688767,0.013277878
deit3_medium_patch16_224.fb_in1k,2.1436,-0.0342,0.034101618,0.014252579
densenet169.tv_in1k,1.3896,0.1369,0.021507968,0.01277439
deit3_medium_patch16_224.fb_in22k_ft_in1k,2.5584,0.084,0.050116404,0.01281312
deit3_small_patch16_224.fb_in1k,1.7594,-0.0348,0.024761274,0.015614578
deit3_small_patch16_224.fb_in22k_ft_in1k,2.4582,0.1216,0.053666639,0.013503802
densenet201.tv_in1k,1.4732,0.1625,0.02327663,0.012406457
dla102.in1k,1.4328,0.1541,0.021146489,0.011838419
dla169.in1k,1.434,0.1546,0.021230404,0.011986883
dla34.in1k,1.387,0.197,0.022566583,0.012806665
dla46_c.in1k,1.2334,0.22,0.017886728,0.012671111
dla60.in1k,1.4527,0.1741,0.021798441,0.01280021
dpn107.mx_in1k,2.0175,0.2195,0.038407085,0.012180533
maxvit_rmlp_base_rw_224.sw_in12k_ft_in1k,2.6224,-0.0908,0.041582931,0.013239148
dpn131.mx_in1k,1.9619,0.2072,0.037613123,0.011838419
dpn68.mx_in1k,1.6655,0.133,0.030086626,0.010334411
dpn68b.mx_in1k,1.7546,0.137,0.031881108,0.009521084
dpn92.mx_in1k,1.9101,0.1862,0.034605106,0.012445186
dpn98.mx_in1k,1.9622,0.214,0.037477569,0.012496826
maxxvitv2_rmlp_base_rw_384.sw_in12k_ft_in1k,2.2667,-0.0879,0.031726189,0.014827071
maxvit_rmlp_small_rw_224.sw_in1k,2.8206,-0.0923,0.049767836,0.014200939
maxvit_small_tf_224.in1k,2.3303,-0.0888,0.038917028,0.01399438
maxvit_tiny_rw_224.sw_in1k,2.7186,-0.0925,0.051730148,0.014233214
maxvit_tiny_tf_224.in1k,2.3223,-0.0669,0.041402192,0.014555962
mixnet_l.ft_in1k,1.9471,0.242,0.041092353,0.012251537
mixnet_m.ft_in1k,1.87,0.2093,0.03714191,0.011773869
mixnet_s.ft_in1k,1.7106,0.2218,0.030822492,0.012245082
mixnet_xl.ra_in1k,2.0823,0.2184,0.04419074,0.012090163
mobilenetv2_050.lamb_in1k,1.2991,0.2035,0.020062054,0.011760959
mobilenetv2_100.ra_in1k,1.5876,0.2144,0.029860702,0.013400522
mobilenetv2_110d.ra_in1k,1.7348,0.2097,0.032274861,0.013619991
mobilenetv2_120d.ra_in1k,1.9315,0.2239,0.03606393,0.013297243
mobilenetv2_140.ra_in1k,1.6282,0.2336,0.029944616,0.013129414
mobilenetv3_large_100.miil_in21k_ft_in1k,1.4899,0.1491,0.022999066,0.012077253
mobilenetv3_large_100.ra_in1k,1.7221,0.2061,0.033230197,0.012929309
mobilenetv3_rw.rmsp_in1k,1.7392,0.2187,0.03255888,0.011689955
mobilenetv3_small_075.lamb_in1k,1.5572,0.1627,0.027452997,0.011386571
mobilenetv3_small_100.lamb_in1k,1.6308,0.1707,0.031254976,0.012199898
mvitv2_base.fb_in1k,2.2991,-0.0686,0.035411978,0.014246124
mvitv2_small.fb_in1k,2.1289,-0.0593,0.033643315,0.014297764
mvitv2_tiny.fb_in1k,1.894,-0.044,0.028563252,0.015692038
pit_b_224.in1k,2.3271,-0.0327,0.039259141,0.014407498
pit_b_distilled_224.in1k,2.1091,-0.0263,0.03599938,0.015091725
pit_s_224.in1k,2.11,0.0033,0.038516819,0.016059971
pit_s_distilled_224.in1k,1.9146,0.0534,0.034269448,0.016150341
pit_ti_224.in1k,1.8423,0.0672,0.03607684,0.015446749
pit_ti_distilled_224.in1k,1.7253,0.1341,0.032391051,0.015401564
pit_xs_224.in1k,1.9861,0.0366,0.038594279,0.015982511
pit_xs_distilled_224.in1k,1.8042,0.12,0.032539515,0.015905052
poolformer_m36.sail_in1k,1.7695,0.0399,0.028537432,0.014756067
poolformer_s12.sail_in1k,1.4895,0.1506,0.023476734,0.013755546
poolformer_s24.sail_in1k,1.7542,0.076,0.028046854,0.013897555
poolformer_s36.sail_in1k,1.8114,0.0439,0.029499223,0.015091725
poolformerv2_m36.sail_in1k,1.7956,0.0501,0.030938682,0.015433839
poolformerv2_s12.sail_in1k,1.5637,0.1305,0.028008125,0.016447269
poolformerv2_s24.sail_in1k,1.7071,0.0872,0.028498702,0.015511298
poolformerv2_s36.sail_in1k,1.8554,0.0636,0.030493289,0.015266009
pvt_v2_b0.in1k,1.4722,0.0949,0.022934516,0.015582303
pvt_v2_b1.in1k,1.6435,0.0501,0.021559607,0.015311194
pvt_v2_b2_li.in1k,2.1188,-0.0323,0.033210832,0.014330038
pvt_v2_b2.in1k,2.0664,-0.0364,0.030112446,0.015240189
pvt_v2_b3.in1k,2.1864,-0.0462,0.034708386,0.015704947
pvt_v2_b4.in1k,2.3969,-0.0723,0.036580328,0.016059971
pvt_v2_b5.in1k,2.513,-0.0438,0.041563566,0.01503363
regnetx_004_tv.tv2_in1k,1.9243,0.1666,0.040298392,0.011141282
regnetx_008.tv2_in1k,1.7995,0.1606,0.03380469,0.012077253
regnetx_016.tv2_in1k,1.6419,0.141,0.033733685,0.013006769
regnety_004.tv2_in1k,1.7938,0.1206,0.033978974,0.011470486
regnety_008_tv.tv2_in1k,1.6782,0.1283,0.031526084,0.012006248
regnety_016.tv2_in1k,1.8206,0.097,0.034366272,0.012341907
repvgg_b0.rvgg_in1k,1.346,0.2197,0.020191153,0.012477461
repvgg_b1.rvgg_in1k,1.3841,0.2345,0.018700055,0.012174078
repvgg_b1g4.rvgg_in1k,1.354,0.213,0.019164813,0.012174078
repvgg_b2.rvgg_in1k,1.373,0.2443,0.020197608,0.012322542
repvgg_b2g4.rvgg_in1k,1.6458,0.209,0.028705262,0.013039044
repvgg_b3g4.rvgg_in1k,1.7316,0.2061,0.028511612,0.013626446
efficientnet_b0.ra_in1k,1.936,0.2275,0.039639985,0.01273566
res2net50_14w_8s.in1k,2.1019,0.154,0.03949152,0.01152858
efficientnet_es_pruned.in1k,1.603,0.2417,0.028459973,0.013445707
res2net50_26w_4s.in1k,2.1089,0.1477,0.039659349,0.011825509
efficientnet_es.ra_in1k,1.7671,0.2368,0.031306615,0.013361793
res2net50_26w_6s.in1k,2.1085,0.1319,0.03956898,0.011741595
efficientnet_lite0.ra_in1k,1.7299,0.2271,0.034172623,0.012845395
res2net50_26w_8s.in1k,2.1396,0.1271,0.043448418,0.012174078
res2net50_48w_2s.in1k,1.9873,0.1718,0.040208022,0.01270984
resnest50d_1s4x24d.in1k,1.7779,0.088,0.030732123,0.013368248
resnest50d_4s2x40d.in1k,1.7396,0.0669,0.026988239,0.012483916
resnest50d.in1k,1.8057,0.077,0.032952633,0.011476941
resnet101.a3_in1k,1.9895,0.1253,0.039207501,0.012593651
resnet10t.c3_in1k,1.1225,0.2152,0.014388133,0.012955129
focalnet_base_srf.ms_in1k,2.2071,-0.0283,0.03942697,0.015711402
resnet14t.c3_in1k,1.1268,0.1416,0.014168664,0.012393547
resnet152.a3_in1k,2.0384,0.124,0.039936913,0.012270902
resnet18.a3_in1k,1.6346,0.1832,0.034798755,0.012335452
resnet18.fb_ssl_yfcc100m_ft_in1k,1.2651,0.2248,0.018132017,0.013458617
resnet18.fb_swsl_ig1b_ft_in1k,1.2946,0.2331,0.019461741,0.013471527
resnet18.tv_in1k,1.3253,0.2059,0.018764604,0.012412912
resnet34.a3_in1k,1.8603,0.1824,0.038981577,0.012884125
focalnet_small_srf.ms_in1k,2.1531,-0.0469,0.037561483,0.016795838
resnet50.a1h_in1k,2.3959,0.1222,0.054454146,0.013439252
swin_base_patch4_window7_224.ms_in1k,2.2259,-0.07,0.039388241,0.014872256
resnet50.a3_in1k,1.9054,0.1531,0.038762108,0.012832485
resnet50.am_in1k,1.9701,0.109,0.044881422,0.011838419
resnet50.tv_in1k,1.4868,0.1613,0.025361586,0.01285185
focalnet_tiny_srf.ms_in1k,1.8596,0.0292,0.030525564,0.015595213
resnet50d.a3_in1k,1.8033,0.1425,0.031526084,0.012780845
resnetrs50.tf_in1k,2.4111,0.1551,0.052453104,0.010863718
resnet18.gluon_in1k,1.3702,0.2087,0.022321294,0.012961584
resnet34.gluon_in1k,1.5516,0.1974,0.026936599,0.013503802
rexnet_100.nav_in1k,1.9728,0.1973,0.041996049,0.011780324
rexnet_130.nav_in1k,1.8148,0.2043,0.031913383,0.012122438
rexnet_150.nav_in1k,1.6993,0.1655,0.029731602,0.012070798
rexnet_200.nav_in1k,1.737,0.1616,0.03150672,0.011102552
rexnet_300.nav_in1k,1.7419,0.08,0.02784675,0.013181053
focalnet_base_lrf.ms_in1k,1.9926,-0.0198,0.03149381,0.016892662
skresnet18.ra_in1k,1.7029,0.237,0.030945137,0.012974494
swin_base_patch4_window7_224.ms_in22k_ft_in1k,2.4491,-0.0548,0.039323691,0.012993859
skresnet34.ra_in1k,1.9923,0.2198,0.039104222,0.012968039
focalnet_small_lrf.ms_in1k,1.8741,-0.0205,0.028156589,0.017338055
focalnet_tiny_lrf.ms_in1k,1.7541,0.036,0.027588551,0.01516273
hrnet_w18_small_v2.ms_in1k,1.3688,0.1829,0.020126603,0.011496306
hrnet_w18_small.ms_in1k,1.2632,0.1968,0.018054557,0.011586675
swin_s3_base_224.ms_in1k,2.5926,-0.1073,0.042719006,0.01395565
hrnet_w18.ms_in1k,1.413,0.1651,0.021372413,0.011741595
hrnet_w30.ms_in1k,1.533,0.1743,0.023360545,0.01167059
swin_s3_small_224.ms_in1k,2.3645,-0.0916,0.043157944,0.013264968
hrnet_w32.ms_in1k,1.5424,0.1832,0.02219865,0.012341907
swin_s3_tiny_224.ms_in1k,2.0417,-0.0726,0.034159713,0.015575848
hrnet_w40.ms_in1k,1.5713,0.1543,0.0232379,0.010799169
visformer_small.in1k,1.9891,0.0113,0.035121504,0.01395565
visformer_tiny.in1k,1.7421,0.0473,0.03137762,0.014401043
vit_base_patch16_224_miil.in21k_ft_in1k,2.688,0.1158,0.056351908,0.011483396
vit_base_patch16_224.augreg_in1k,2.3939,0.042,0.052885588,0.013071319
vit_base_patch16_224.augreg_in21k_ft_in1k,2.2035,0.058,0.04293202,0.011915879
vit_large_patch16_224.augreg_in21k_ft_in1k,2.8367,-0.0482,0.052556384,0.011844874
swin_small_patch4_window7_224.ms_in1k,2.3656,-0.0523,0.039388241,0.014904531
vit_base_patch16_224.augreg2_in21k_ft_in1k,2.2737,-0.022,0.036096205,0.012335452
vit_base_patch16_224.orig_in21k_ft_in1k,2.442,0.0758,0.058365859,0.012309632
vit_base_patch16_224.sam_in1k,2.8095,0.2166,0.066105371,0.013445707
vit_base_patch16_rpn_224.sw_in1k,2.1289,-0.0358,0.032048937,0.013503802
swin_small_patch4_window7_224.ms_in22k_ft_in1k,2.3623,-0.0385,0.035579807,0.013419887
vit_base_patch8_224.augreg_in21k_ft_in1k,2.2111,0.021,0.040969709,0.011483396
swin_tiny_patch4_window7_224.ms_in1k,1.8868,-0.0217,0.03377887,0.014981991
volo_d1_384.sail_in1k,2.045,0.0678,0.041673301,0.013129414
vit_large_patch16_384.augreg_in21k_ft_in1k,2.6618,-0.0526,0.043893811,0.011522125
swin_tiny_patch4_window7_224.ms_in22k_ft_in1k,1.9857,-0.0116,0.028279233,0.014756067
vit_base_patch8_224.augreg2_in21k_ft_in1k,2.3174,-0.0568,0.036722337,0.012264447
vit_small_patch16_224.augreg_in1k,2.1168,0.0414,0.042596362,0.013335973
vit_small_patch16_224.augreg_in21k_ft_in1k,2.0597,0.0726,0.039343056,0.012257992
vit_srelpos_medium_patch16_224.sw_in1k,2.2327,-0.0488,0.038955757,0.013536077
vit_srelpos_small_patch16_224.sw_in1k,2.2509,-0.0543,0.039840089,0.013329518
vit_tiny_patch16_224.augreg_in21k_ft_in1k,1.7516,0.1214,0.02669131,0.0127873
vit_tiny_r_s16_p8_224.augreg_in21k_ft_in1k,1.6264,0.155,0.032158672,0.013122959
vit_large_r50_s32_384.augreg_in21k_ft_in1k,2.6083,0.0034,0.055306202,0.012632381
vit_medium_patch16_gap_384.sw_in12k_ft_in1k,2.128,-0.059,0.034340452,0.011980428
vit_relpos_base_patch16_224.sw_in1k,2.3299,-0.0474,0.040137017,0.014342948
tresnet_l.miil_in1k,2.1123,0.1529,0.047811979,0.01160604
vit_relpos_base_patch16_clsgap_224.sw_in1k,2.3223,-0.0593,0.040285482,0.013820096
vit_relpos_medium_patch16_224.sw_in1k,2.2558,-0.0667,0.037329104,0.013523167
vit_relpos_medium_patch16_cls_224.sw_in1k,2.3735,-0.0205,0.041770125,0.014459138
vit_relpos_medium_patch16_rpn_224.sw_in1k,2.2677,-0.0551,0.038833113,0.012832485
tresnet_m.miil_in1k,2.1216,0.1545,0.043416143,0.011386571
vit_relpos_small_patch16_224.sw_in1k,2.222,-0.0683,0.038581369,0.013833006
tresnet_m.miil_in21k_ft_in1k,1.9918,0.1386,0.039026762,0.011341386
volo_d2_384.sail_in1k,1.8795,0.0393,0.036773977,0.013116504
tresnet_v2_l.miil_in21k_ft_in1k,2.2158,0.1301,0.04191859,0.01161895
volo_d3_224.sail_in1k,2.0025,0.0196,0.043203129,0.012141803
tresnet_xl.miil_in1k,2.1297,0.1447,0.044397299,0.0116835
twins_pcpvt_base.in1k,2.1586,-0.0643,0.038032696,0.015078815
volo_d4_224.sail_in1k,2.067,-0.0023,0.049141704,0.013277878
twins_pcpvt_large.in1k,2.211,-0.0218,0.038239256,0.015911507
twins_pcpvt_small.in1k,1.8705,-0.0471,0.033540036,0.015240189
twins_svt_base.in1k,2.2142,-0.0763,0.03953025,0.015207915
twins_svt_small.in1k,2.0361,-0.0675,0.038103701,0.015569393
vgg11_bn.tv_in1k,1.2452,0.2437,0.020055599,0.013232693
volo_d5_224.sail_in1k,1.9968,-0.0002,0.043964816,0.012400002
vgg11.tv_in1k,1.3851,0.225,0.026697765,0.013239148
volo_d1_224.sail_in1k,2.0902,0.0763,0.045617289,0.013187508
vgg13_bn.tv_in1k,1.2285,0.2154,0.017847998,0.012542011
volo_d2_224.sail_in1k,1.9821,0.0335,0.047915259,0.012980949
vgg13.tv_in1k,1.3616,0.2054,0.024051227,0.013303698
vgg16_bn.tv_in1k,1.2963,0.2295,0.018648415,0.013587717
vgg16.tv_in1k,1.4555,0.2209,0.025742429,0.013845915
xcit_medium_24_p8_224.fb_in1k,2.4262,-0.0195,0.042731916,0.013484437
xcit_nano_12_p8_224.fb_in1k,1.7335,0.0716,0.028072674,0.013626446
vgg19_bn.tv_in1k,1.3683,0.2064,0.021023845,0.013058409
xcit_small_12_p8_224.fb_in1k,2.1458,-0.02,0.03958189,0.014646332
vgg19.tv_in1k,1.5031,0.2198,0.028634257,0.013975015
xcit_small_24_p8_224.fb_in1k,2.3926,-0.0115,0.044610313,0.014517233
xcit_tiny_12_p8_224.fb_in1k,2.0905,0.0041,0.03608975,0.014252579
xcit_tiny_24_p8_224.fb_in1k,2.2488,0.0207,0.042551177,0.014646332
convnext_base.fb_in22k_ft_in1k,2.1703,0.0383,0.043977726,0.014678607
convnext_base.fb_in22k_ft_in1k_384,2.1217,0.0318,0.038639464,0.016285895
convnext_large.fb_in22k_ft_in1k,2.2544,0.0504,0.040149927,0.013348883
convnext_large.fb_in22k_ft_in1k_384,1.99,0.035,0.02898928,0.015917962
convnext_small.in12k_ft_in1k_384,2.0345,-0.0045,0.029725147,0.018125562
convnextv2_base.fcmae_ft_in22k_in1k,2.2261,0.0026,0.04298366,0.012316087
hrnet_w44.ms_in1k,1.6383,0.1674,0.023728478,0.011418846
hrnet_w48.ms_in1k,1.6448,0.1574,0.026336287,0.011341386
lcnet_050.ra2_in1k,1.3494,0.2171,0.02440625,0.013097139
lcnet_075.ra2_in1k,1.4199,0.2058,0.025077567,0.012974494
lcnet_100.ra2_in1k,1.4884,0.2057,0.025142117,0.013006769
crossvit_9_240.in1k,1.796,0.0647,0.029744512,0.014588237
tinynet_b.in1k,1.7954,0.2185,0.036264034,0.013458617
crossvit_tiny_240.in1k,1.939,0.0447,0.035024679,0.014168664
resnet50_l2_eps0.01,1.7186,0.2363,0.031990842,0.012264447
tinynet_c.in1k,1.6565,0.208,0.031913383,0.013142323
convnextv2_base.fcmae_ft_in22k_in1k_384,2.0827,-0.0125,0.032391051,0.013516712
tf_mobilenetv3_large_075.in1k,1.7194,0.1907,0.032817079,0.012122438
resnet50_l2_eps0.03,1.9581,0.252,0.04071151,0.011489851
edgenext_xx_small.in1k,1.4292,0.1819,0.023876942,0.014129934
swinv2_base_window12to16_192to256.ms_in22k_ft_in1k,2.4404,-0.1355,0.043648522,0.013471527
tf_mobilenetv3_large_minimal_100.in1k,1.5607,0.1809,0.028666532,0.011651225
ghostnet_100.in1k,1.816,0.1991,0.035450708,0.011664135
tf_mobilenetv3_small_075.in1k,1.5686,0.1536,0.027814475,0.011425301
resnet50_l2_eps0.05,2.2171,0.2707,0.052840403,0.012077253
spnasnet_100.rmsp_in1k,1.5584,0.1691,0.024586989,0.012438732
tf_mobilenetv3_small_100.in1k,1.7075,0.153,0.033068823,0.011173557
resnet50_l2_eps0.1,2.6884,0.267,0.065769712,0.012884125
resnet18_l2_eps0.01,1.4511,0.2612,0.026775225,0.012645291
mobilevit_xs.cvnets_in1k,1.8742,0.2125,0.037587303,0.013690996
resnet50_l2_eps0.25,3.524,0.2806,0.098367322,0.01270984
resnet18_l2_eps0.03,1.7228,0.2725,0.035166689,0.012574286
resnet18_l2_eps0.05,1.89,0.2713,0.04181531,0.013032589
resnet50_l2_eps0.5,4.6717,0.2887,0.13947904,0.012755025
mobilevit_xxs.cvnets_in1k,1.6532,0.2013,0.031726189,0.013619991
convnextv2_large.fcmae_ft_in1k,2.11,-0.0672,0.033146282,0.01630526
resnet18_l2_eps0.1,2.2793,0.2878,0.054802714,0.012909944
resnet18_l2_eps0.25,3.094,0.2941,0.085463833,0.01272275
resnet50_l2_eps1,5.9807,0.2787,0.186012935,0.013290788
mobilevitv2_050.cvnets_in1k,1.5698,0.1968,0.027446542,0.013335973
resnet18_l2_eps0.5,4.1068,0.3048,0.126491636,0.013245603
resnet50_l2_eps3,8.9923,0.264,0.326027738,0.013632901
legacy_seresnet18.in1k,1.7368,0.223,0.036238214,0.012419367
resnet18_l2_eps1,5.2544,0.2872,0.178789821,0.013316608
resnet18_l2_eps3,7.9324,0.2626,0.31042607,0.012922854
legacy_seresnet34.in1k,1.6152,0.1985,0.027653101,0.012703385
resnet50_l2_eps5,10.2989,0.266,0.38962858,0.013264968
resnet18_l2_eps5,9.4914,0.2343,0.368921029,0.013749091
swinv2_base_window12to24_192to384.ms_in22k_ft_in1k,2.3265,-0.1312,0.036722337,0.012922854
wide_resnet50_2_l2_eps0.01,1.8233,0.2327,0.034353362,0.012135348
wide_resnet50_2_l2_eps0.03,2.099,0.2425,0.044210105,0.011767414
convnextv2_large.fcmae_ft_in22k_in1k,2.2167,-0.0193,0.037051541,0.012083708
seresnextaa101d_32x8d.sw_in12k_ft_in1k,2.5534,-0.065,0.049432177,0.014194484
wide_resnet50_2_l2_eps0.05,2.3147,0.2629,0.05003249,0.011083187
swinv2_large_window12to16_192to256.ms_in22k_ft_in1k,2.4913,-0.1261,0.04642416,0.012296722
wide_resnet50_2_l2_eps0.1,2.8313,0.2727,0.067706204,0.011489851
wide_resnet50_2_l2_eps0.25,3.8358,0.2733,0.100168259,0.011496306
wide_resnet50_2_l2_eps0.5,4.8839,0.2782,0.132978883,0.012445186
wide_resnet50_2_l2_eps1,6.4314,0.2893,0.195792218,0.012961584
wide_resnet50_2_l2_eps3,9.4416,0.2756,0.314240959,0.01276148
seresnextaa101d_32x8d.sw_in12k_ft_in1k_288,2.3976,-0.0701,0.042351073,0.014594692
semnasnet_075.rmsp_in1k,1.6001,0.2356,0.028092039,0.012942219
wide_resnet50_2_l2_eps5,11.1892,0.2658,0.41402192,0.013523167
resnet18_linf_eps0.5,3.5849,0.3541,0.106339213,0.015014265
mnasnet_100.rmsp_in1k,1.7445,0.2114,0.031990842,0.011831964
resnet18_linf_eps1.0,4.5922,0.3508,0.151595023,0.015027175
mnasnet_small.lamb_in1k,1.5406,0.1877,0.029576683,0.0127873
resnet18_linf_eps2.0,4.3452,0.2348,0.148341717,0.011128372
resnet18_linf_eps4.0,3.5693,0.1849,0.12666592,0.008468924
resnet18_linf_eps8.0,3.6703,0.1886,0.146256761,0.008888497
resnet50_linf_eps0.5,4.064,0.35,0.12203125,0.01387819
resnet50_linf_eps1.0,4.2507,0.3398,0.132856239,0.01398147
resnet50_linf_eps2.0,4.0732,0.2149,0.140176177,0.010050392
resnet50_linf_eps4.0,4.0304,0.1913,0.143758687,0.009198335
resnet50_linf_eps8.0,4.5225,0.1529,0.18482522,0.007920251
wide_resnet50_2_linf_eps0.5,4.2642,0.3565,0.122851032,0.014168664
convnextv2_large.fcmae_ft_in22k_in1k_384,2.056,-0.0404,0.032287771,0.013742636
wide_resnet50_2_linf_eps1.0,4.5811,0.3569,0.142719436,0.014252579
wide_resnet50_2_linf_eps2.0,4.7295,0.3446,0.163614181,0.01385237
wide_resnet50_2_linf_eps4.0,4.7939,0.2601,0.169146093,0.011999793
wide_resnet50_2_linf_eps8.0,4.2206,0.2046,0.14996837,0.008617388
vit_base_patch32_clip_224.laion2b_ft_in12k_in1k,2.7236,0.1147,0.048909325,0.010844353
vit_base_patch32_clip_224.laion2b_ft_in1k,2.5674,0.1165,0.056106619,0.011309111
vit_base_patch16_clip_224.laion2b_ft_in12k_in1k,2.4928,0.1023,0.049871116,0.011225197
vit_base_patch32_clip_224.openai_ft_in1k,2.6301,0.1215,0.064188244,0.010670069
vit_base_patch16_clip_224.openai_ft_in12k_in1k,2.4529,0.0966,0.043325774,0.011018638
vit_base_patch16_clip_224.laion2b_ft_in1k,2.3784,0.1142,0.050497248,0.012348362
vit_base_patch16_clip_224.openai_ft_in1k,2.3476,0.1111,0.049051334,0.011754504
vit_large_patch14_clip_224.openai_ft_in12k_in1k,3.0611,0.0197,0.067409275,0.010069757
swinv2_large_window12to24_192to384.ms_in22k_ft_in1k,2.4009,-0.1359,0.038716924,0.012412912
swinv2_cr_small_224.sw_in1k,2.3362,-0.0508,0.042861016,0.014401043
swinv2_cr_small_ns_224.sw_in1k,2.4294,-0.0516,0.046792094,0.014452683
vit_large_patch14_clip_224.laion2b_ft_in12k_in1k,3.4042,-0.0133,0.076446236,0.009734098
swinv2_cr_tiny_ns_224.sw_in1k,1.6582,-0.0086,0.029544408,0.016053516
eva_large_patch14_196.in22k_ft_in1k,2.6279,-0.14,0.040266117,0.012154713
vit_large_patch14_clip_224.openai_ft_in1k,2.9663,0.0178,0.063387827,0.010773349
eva_large_patch14_196.in22k_ft_in22k_in1k,3.3609,-0.0506,0.077924425,0.009701823
vit_large_patch14_clip_224.laion2b_ft_in1k,3.0725,0.0211,0.071914846,0.010140761
eva_large_patch14_336.in22k_ft_in1k,2.5753,-0.132,0.038639464,0.011367206
vit_base_patch14_dinov2.lvd142m,1.6416,0.0769,0.029550863,0.013536077
vit_small_patch14_dinov2.lvd142m,1.4226,0.1146,0.024606354,0.013690996
vit_large_patch14_dinov2.lvd142m,2.0188,0.0677,0.038658829,0.013161688
eva_large_patch14_336.in22k_ft_in22k_in1k,3.2112,-0.0521,0.074219271,0.009514629
eva02_base_patch14_448.mim_in22k_ft_in1k,2.7805,0.0305,0.066118281,0.011386571
eva02_base_patch14_448.mim_in22k_ft_in22k_in1k,2.8339,0.0324,0.059514844,0.011192922
vit_giant_patch14_dinov2.lvd142m,2.1394,0.068,0.038994487,0.014575327
eva02_large_patch14_448.mim_in22k_ft_in1k,3.8681,-0.0068,0.122909126,0.01056679
eva02_large_patch14_448.mim_in22k_ft_in22k_in1k,4.1548,-0.0343,0.112619901,0.010211766
eva02_large_patch14_448.mim_m38m_ft_in1k,3.676,-0.0011,0.101336609,0.010611974